{"cameraMode":{"drawMode":0,"name":"Shaded","section":"Shading Mode"},"sceneLighting":false,"audioPlay":false,"sceneViewState":{"showFog":true,"showMaterialUpdate":false,"showSkybox":false,"showFlares":true,"showImageEffects":true,"showParticleSystems":true},"in2DMode":false,"pivot":{"x":0.000007152557373046875,"y":0.5830775499343872,"z":0.0},"rotation":{"x":0.024082880467176439,"y":-0.45173919200897219,"z":0.012199925258755684,"w":0.891742467880249},"size":3.356306314468384,"orthographic":false}