{"cameraMode":{"drawMode":0,"name":"Shaded","section":"Shading Mode"},"sceneLighting":false,"audioPlay":false,"sceneViewState":{"showFog":true,"showMaterialUpdate":false,"showSkybox":false,"showFlares":true,"showImageEffects":true,"showParticleSystems":true},"in2DMode":false,"pivot":{"x":2.9802322387695315e-8,"y":0.699999988079071,"z":6.039999961853027},"rotation":{"x":0.11498845368623734,"y":-0.4001930356025696,"z":0.050703588873147967,"w":0.9078131914138794},"size":1.4289517402648926,"orthographic":false}